name,email,password,__v,createdAt,updatedAt,time
af,ravikiranreddy0508@gmail.com,l,0,,,2024-03-21 11:37:55.094724
af,ravikiranreddy2366@gmail.com,aa,0,,,2024-03-21 11:37:55.094724
BAREDDY RAVI KIRAN REDDY,ravikiranreddy050d8@gmail.com,adf,0,,,2024-03-21 11:37:55.094724
adf,ravikfiranreddy2366@gmail.com,adf,0,,,2024-03-21 11:37:55.094724
BAREDDY RAVI KIRAN REDDY,ravikiranreeddy0508@gmail.com,afd,0,,,2024-03-21 11:37:55.094724
BAREDDY RAVI KIRAN REDDY,ravikiranreeddy05f08@gmail.com,afd,0,,,2024-03-21 11:37:55.094724
BAREDDY RAVI KIRAN REDDY,ravikiranrfeddy0508@gmail.com,f,0,,,2024-03-21 11:37:55.094724
adf,ravikiranreddfy0508@gmail.com,a,0,,,2024-03-21 11:37:55.094724
BAREDDY RAVI KIRAN REDDY,ravikiranreddy23f66@gmail.com,a,0,,,2024-03-21 11:37:55.094724
BAREDDY RAVI KIRAN REDDY,ravikiranreddfy0adf508@gmail.com,f,0,,,2024-03-21 11:37:55.094724
af,ravikiratanreddy2366@gmail.com,af,0,,,2024-03-21 11:37:55.094724
af,ravikirffanreddy0508@gmail.com,f,0,,,2024-03-21 11:37:55.094724
afdsa,ravikiranreddy0af508@gmail.com,f,0,,,2024-03-21 11:37:55.094724
ad,af@gmail.com,f,0,,,2024-03-21 11:37:55.094724
a,ff@gmail.com,f,0,,,2024-03-21 11:37:55.094724
ravikiran,ravikiranreddy0508@gmail.co,123456,0,,,2024-03-21 11:37:55.094724
BAREDDY RAVI KIRAN REDDY,ravikirankiranreddy1118@gmail.com,1234,0,,,2024-03-21 11:37:55.094724
BAREDDY RAVI KIRAN REDDY,ravikiranrhgkueddy1118@gmail.com,123456,0,,,2024-03-21 11:37:55.094724
BAREDDY RAVI KIRAN REDDY,ravikiranrhdegkueddy1118@gmail.com,123456,0,,,2024-03-21 11:37:55.094724
ravi,ravkitanreddyi@gmail.com,ravi123,0,,,2024-03-21 11:37:55.094724
ravi,ravkitanrjeddyi@gmail.com,ravi123,0,,,2024-03-21 11:37:55.094724
ravi,ravkitanckrjeddyi@gmail.com,ravi123,0,,,2024-03-21 11:37:55.094724
ravi,rrr@gmail.com,ravi123,0,2024-02-29 10:00:28.829,2024-02-29 10:00:28.829,2024-03-21 11:37:55.094724
lumiq,lumiqgmail.com,ravi123,0,2024-02-29 10:53:39.281,2024-02-29 10:53:39.281,2024-03-21 11:37:55.094724
newyear,newgmail.com,ravi123,0,2024-02-29 11:05:12.088,2024-02-29 11:05:12.088,2024-03-21 11:37:55.094724
nilesh,nileshgmail.com,ravi123,0,2024-02-29 11:09:15.417,2024-02-29 11:09:15.417,2024-03-21 11:37:55.094724
nileshmawa,nil123@gmail.com,123455,0,2024-02-29 11:56:13.682,2024-02-29 11:56:13.682,2024-03-21 11:37:55.094724
mansi,mansi12@gmail.com,12345,0,2024-02-29 12:20:47.664,2024-02-29 12:20:47.664,2024-03-21 11:37:55.094724
ram,ram125@gmail.com,12345,0,2024-03-01 06:30:08.927,2024-03-01 06:30:08.927,2024-03-21 11:37:55.094724
viratkohli,virat18@gmail.com,virat@143,0,2024-03-01 07:11:01.580,2024-03-01 07:11:01.580,2024-03-21 11:37:55.094724
nil,nil@gmail.com,abcd12,0,2024-03-01 07:31:52.460,2024-03-01 07:31:52.460,2024-03-21 11:37:55.094724
raja,raja@gmail.com,rah1234,0,2024-03-01 07:34:30.508,2024-03-01 07:34:30.508,2024-03-21 11:37:55.094724
padhu,padhu143@gmail.com,padhu@123,0,2024-03-01 07:41:35.461,2024-03-01 07:41:35.461,2024-03-21 11:37:55.094724
pavani,pavani@gmail.com,pav123,0,2024-03-01 07:45:21.992,2024-03-01 07:45:21.992,2024-03-21 11:37:55.094724
ramnbro,eam@gmail.com,ram1234,0,2024-03-01 07:49:30.872,2024-03-01 07:49:30.872,2024-03-21 11:37:55.094724
13445,ra1vi@gmail.com,abcd@123,0,2024-03-02 08:21:11.360,2024-03-02 08:21:11.360,2024-03-21 11:37:55.094724
278346293857239847,ramji@gmail.com,abcd@123,0,2024-03-02 08:45:53.040,2024-03-02 08:45:53.040,2024-03-21 11:37:55.094724
